{"cameraMode":{"drawMode":0,"name":"Shaded","section":"Shading Mode"},"sceneLighting":true,"audioPlay":false,"sceneViewState":{"showFog":true,"showMaterialUpdate":false,"showSkybox":true,"showFlares":true,"showImageEffects":true,"showParticleSystems":true},"in2DMode":false,"pivot":{"x":-9.498059272766114,"y":-17.082462310791017,"z":319.34490966796877},"rotation":{"x":0.26811376214027407,"y":-0.6521769762039185,"z":0.26603370904922488,"w":0.6572718024253845},"size":413.2308349609375,"orthographic":false}