{"cameraMode":{"drawMode":0,"name":"Shaded","section":"Shading Mode"},"sceneLighting":true,"audioPlay":false,"sceneViewState":{"showFog":true,"showMaterialUpdate":false,"showSkybox":true,"showFlares":true,"showImageEffects":true,"showParticleSystems":true},"in2DMode":false,"pivot":{"x":-7.538568496704102,"y":1.184651255607605,"z":410.71026611328127},"rotation":{"x":0.24836190044879914,"y":-0.6588659286499023,"z":0.24560552835464478,"w":0.6662507057189941},"size":372.90777587890627,"orthographic":false}