{"cameraMode":{"drawMode":0,"name":"Shaded","section":"Shading Mode"},"sceneLighting":true,"audioPlay":false,"sceneViewState":{"showFog":true,"showMaterialUpdate":false,"showSkybox":true,"showFlares":true,"showImageEffects":true,"showParticleSystems":true},"in2DMode":false,"pivot":{"x":-88.54351806640625,"y":-47.068115234375,"z":869.1456298828125},"rotation":{"x":-0.1574498862028122,"y":0.7298291325569153,"z":-0.1793779581785202,"w":-0.6406111121177673},"size":166.17739868164063,"orthographic":false}