{"cameraMode":{"drawMode":0,"name":"Shaded","section":"Shading Mode"},"sceneLighting":true,"audioPlay":false,"sceneViewState":{"showFog":true,"showMaterialUpdate":false,"showSkybox":true,"showFlares":true,"showImageEffects":true,"showParticleSystems":true},"in2DMode":false,"pivot":{"x":25.96136474609375,"y":-30.386444091796876,"z":1002.0943603515625},"rotation":{"x":-0.3643665015697479,"y":0.015278094448149205,"z":-0.005979063455015421,"w":-0.9311111569404602},"size":480.40863037109377,"orthographic":false}